run_id,configuration_id,vertices,edge_multiplier,edges,rank,clique_bipartiteness,clique_volume,clique_runtime,diffusion_clique_bipartiteness,diffusion_clique_volume,diffusion_clique_runtime,random_bipartiteness,random_volume,random_runtime,diffusion_random_bipartiteness,diffusion_random_volume,diffusion_random_runtime
1,1,10,2,20,3,0.08928571428571429,56,0.0024793148040771484,0.03333333333333333,60,0.12607264518737793,0.03333333333333333,60,0.0017423629760742188,0.03333333333333333,60,0.630474328994751
2,1,10,2,20,3,0.03333333333333333,60,0.002107858657836914,0.03333333333333333,60,0.1282339096069336,0.06666666666666667,60,0.0017201900482177734,0.03333333333333333,60,0.6335742473602295
3,1,10,2,20,3,0.03333333333333333,60,0.0022389888763427734,0.06666666666666667,60,0.12689876556396484,0.06666666666666667,60,0.0016753673553466797,0.0,60,0.3583564758300781
4,1,10,2,20,3,0.06666666666666667,60,0.0021462440490722656,0.03333333333333333,60,0.12792730331420898,0.06666666666666667,60,0.0017342567443847656,0.03333333333333333,60,0.6362948417663574
5,1,10,2,20,3,0.1,60,0.0021085739135742188,0.06666666666666667,60,0.12790608406066895,0.06666666666666667,60,0.0017333030700683594,0.03333333333333333,60,0.6282579898834229
6,1,10,2,20,3,0.03333333333333333,60,0.0021126270294189453,0.03333333333333333,60,0.12788128852844238,0.03333333333333333,60,0.0017235279083251953,0.03333333333333333,60,0.6323010921478271
7,1,10,2,20,3,0.017543859649122806,57,0.0020830631256103516,0.03333333333333333,60,0.1273038387298584,0.03333333333333333,60,0.0017209053039550781,0.03333333333333333,60,0.6312029361724854
8,1,10,2,20,3,0.03333333333333333,60,0.002110004425048828,0.03333333333333333,60,0.12882423400878906,0.03333333333333333,60,0.001695871353149414,0.03333333333333333,60,0.6296117305755615
9,1,10,2,20,3,0.0,56,0.0020880699157714844,0.0,60,0.03059220314025879,0.03333333333333333,60,0.0017173290252685547,0.0,60,0.4652225971221924
10,1,10,2,20,3,0.0,58,0.0020728111267089844,0.0,53,0.032936811447143555,0.03773584905660377,53,0.0017061233520507812,0.0,60,0.2853410243988037
11,2,10,4,40,3,0.016666666666666666,120,0.002560138702392578,0.016666666666666666,120,0.1388566493988037,0.1,120,0.0029745101928710938,0.05,120,0.6878352165222168
12,2,10,4,40,3,0.06306306306306306,111,0.002432107925415039,0.06306306306306306,111,0.1396803855895996,0.08333333333333333,120,0.0029866695404052734,0.05,120,0.6921205520629883
13,2,10,4,40,3,0.03333333333333333,120,0.0024220943450927734,0.03333333333333333,120,0.1394364833831787,0.08333333333333333,120,0.0029768943786621094,0.03333333333333333,120,0.6875486373901367
14,2,10,4,40,3,0.06666666666666667,120,0.0024046897888183594,0.06666666666666667,120,0.13876676559448242,0.0,120,0.002977132797241211,0.0,120,0.4976511001586914
15,2,10,4,40,3,0.05,120,0.002422332763671875,0.05,120,0.14128708839416504,0.11666666666666667,120,0.002972841262817383,0.05,120,0.6892595291137695
16,2,10,4,40,3,0.12264150943396226,106,0.0024423599243164062,0.03333333333333333,120,0.13864421844482422,0.08411214953271028,107,0.002971172332763672,0.03333333333333333,120,0.6889145374298096
17,2,10,4,40,3,0.08333333333333333,120,0.002412080764770508,0.03333333333333333,120,0.1390383243560791,0.03333333333333333,120,0.002979278564453125,0.06306306306306306,111,0.6919364929199219
18,2,10,4,40,3,0.016666666666666666,120,0.002451181411743164,0.05,120,0.14105820655822754,0.06666666666666667,120,0.002965688705444336,0.016666666666666666,120,0.6965279579162598
19,2,10,4,40,3,0.13761467889908258,109,0.002532482147216797,0.06666666666666667,120,0.15639281272888184,0.05,120,0.0029587745666503906,0.016666666666666666,120,0.698397159576416
20,2,10,4,40,3,0.03333333333333333,120,0.0024232864379882812,0.03333333333333333,120,0.13988399505615234,0.11666666666666667,120,0.0029697418212890625,0.016666666666666666,120,0.6898038387298584
21,3,20,2,40,3,0.016666666666666666,120,0.0030622482299804688,0.03333333333333333,120,0.15618634223937988,0.10526315789473684,114,0.0032927989959716797,0.03333333333333333,120,0.7645862102508545
22,3,20,2,40,3,0.05,120,0.003129243850708008,0.016666666666666666,120,0.15644001960754395,0.11666666666666667,120,0.003326892852783203,0.0,114,0.7224524021148682
23,3,20,2,40,3,0.008771929824561403,114,0.0030939579010009766,0.0,120,0.03721904754638672,0.09565217391304348,115,0.003350973129272461,0.016666666666666666,120,0.7779340744018555
24,3,20,2,40,3,0.03333333333333333,120,0.0030002593994140625,0.03333333333333333,120,0.1553034782409668,0.1,120,0.003331422805786133,0.016666666666666666,120,0.7722508907318115
25,3,20,2,40,3,0.02631578947368421,114,0.003156423568725586,0.016666666666666666,120,0.16820502281188965,0.13333333333333333,120,0.0033812522888183594,0.0,119,0.6949291229248047
26,3,20,2,40,3,0.0,120,0.0030655860900878906,0.0,120,0.04428458213806152,0.08333333333333333,120,0.003330707550048828,0.016666666666666666,120,0.7701125144958496
27,3,20,2,40,3,0.05825242718446602,103,0.0030744075775146484,0.016666666666666666,120,0.1569206714630127,0.11666666666666667,120,0.003310680389404297,0.016666666666666666,120,0.8009042739868164
28,3,20,2,40,3,0.016666666666666666,120,0.0030722618103027344,0.016666666666666666,120,0.15578055381774902,0.05,120,0.003351926803588867,0.0,120,0.6775810718536377
29,3,20,2,40,3,0.0,120,0.0030794143676757812,0.0,115,0.040055036544799805,0.11666666666666667,120,0.003314971923828125,0.0,118,0.6022329330444336
30,3,20,2,40,3,0.05,120,0.0031669139862060547,0.03333333333333333,120,0.15802764892578125,0.16666666666666666,120,0.0033195018768310547,0.03333333333333333,120,0.7714898586273193
31,4,20,4,80,3,0.058333333333333334,240,0.003851652145385742,0.05,240,0.18445968627929688,0.15,240,0.0059545040130615234,0.041666666666666664,240,1.0823006629943848
32,4,20,4,80,3,0.041666666666666664,240,0.003995656967163086,0.041666666666666664,240,0.19186186790466309,0.125,240,0.0058710575103759766,0.041666666666666664,240,0.9260413646697998
33,4,20,4,80,3,0.041666666666666664,240,0.0038857460021972656,0.016666666666666666,240,0.19137144088745117,0.08333333333333333,240,0.005913257598876953,0.016666666666666666,240,0.9126837253570557
34,4,20,4,80,3,0.03587443946188341,223,0.0038444995880126953,0.025,240,0.18135309219360352,0.11666666666666667,240,0.00587916374206543,0.025,240,0.8539302349090576
35,4,20,4,80,3,0.10833333333333334,240,0.004009723663330078,0.05,240,0.18454623222351074,0.125,240,0.005891561508178711,0.03333333333333333,240,0.8979005813598633
36,4,20,4,80,3,0.058333333333333334,240,0.003970146179199219,0.058333333333333334,240,0.1828470230102539,0.09166666666666666,240,0.005916595458984375,0.041666666666666664,240,0.9059560298919678
37,4,20,4,80,3,0.0611353711790393,229,0.003786325454711914,0.05,240,0.17898774147033691,0.14166666666666666,240,0.0059015750885009766,0.05,240,0.895787239074707
38,4,20,4,80,3,0.058333333333333334,240,0.003875255584716797,0.058333333333333334,240,0.18226885795593262,0.175,240,0.005907297134399414,0.041666666666666664,240,0.9015657901763916
39,4,20,4,80,3,0.09166666666666666,240,0.003951549530029297,0.056768558951965066,229,0.1891019344329834,0.08333333333333333,240,0.005951642990112305,0.058333333333333334,240,0.9121737480163574
40,4,20,4,80,3,0.07391304347826087,230,0.003838777542114258,0.025,240,0.17992854118347168,0.11666666666666667,240,0.005918979644775391,0.03333333333333333,240,0.892056941986084
41,5,30,2,60,3,0.011111111111111112,180,0.004914045333862305,0.011111111111111112,180,0.1817624568939209,0.0650887573964497,169,0.005017280578613281,0.011111111111111112,180,0.80484938621521
42,5,30,2,60,3,0.04242424242424243,165,0.004763603210449219,0.03333333333333333,180,0.18706393241882324,0.14444444444444443,180,0.004969120025634766,0.011111111111111112,180,0.9186115264892578
43,5,30,2,60,3,0.0896551724137931,145,0.004824399948120117,0.03333333333333333,180,0.18917465209960938,0.13333333333333333,180,0.0049703121185302734,0.03333333333333333,180,0.9069631099700928
44,5,30,2,60,3,0.011111111111111112,180,0.004590511322021484,0.0,168,0.051419973373413086,0.07777777777777778,180,0.005082845687866211,0.0,176,0.8051342964172363
45,5,30,2,60,3,0.0440251572327044,159,0.004632234573364258,0.011111111111111112,180,0.18512487411499023,0.1111111111111111,180,0.004969596862792969,0.03333333333333333,180,0.9146890640258789
46,5,30,2,60,3,0.044444444444444446,180,0.005106449127197266,0.044444444444444446,180,0.18544936180114746,0.1,180,0.005017995834350586,0.011111111111111112,180,0.9063949584960938
47,5,30,2,60,3,0.034482758620689655,174,0.00488591194152832,0.011111111111111112,180,0.1852872371673584,0.12222222222222222,180,0.005006551742553711,0.022222222222222223,180,0.907728910446167
48,5,30,2,60,3,0.04093567251461988,171,0.004857063293457031,0.022222222222222223,180,0.1804211139678955,0.13333333333333333,180,0.004941701889038086,0.03333333333333333,180,0.8130087852478027
49,5,30,2,60,3,0.022222222222222223,180,0.0045909881591796875,0.03333333333333333,180,0.18395662307739258,0.1,180,0.005011796951293945,0.011111111111111112,180,0.9017698764801025
50,5,30,2,60,3,0.06285714285714286,175,0.004587888717651367,0.022222222222222223,180,0.18181061744689941,0.10778443113772455,167,0.004945993423461914,0.044444444444444446,180,0.9016780853271484
51,6,30,4,120,3,0.07777777777777778,360,0.006007671356201172,0.06111111111111111,360,0.23678040504455566,0.10555555555555556,360,0.009090662002563477,0.03333333333333333,360,1.1412827968597412
52,6,30,4,120,3,0.07777777777777778,360,0.006041765213012695,0.03888888888888889,360,0.2290647029876709,0.12222222222222222,360,0.009085893630981445,0.06111111111111111,360,1.12233567237854
53,6,30,4,120,3,0.07647058823529412,340,0.005870342254638672,0.044444444444444446,360,0.23257780075073242,0.15517241379310345,348,0.009153366088867188,0.05,360,1.115816354751587
54,6,30,4,120,3,0.06666666666666667,360,0.005600929260253906,0.044444444444444446,360,0.22819995880126953,0.13823529411764707,340,0.009086370468139648,0.044444444444444446,360,1.101494550704956
55,6,30,4,120,3,0.08333333333333333,360,0.005902290344238281,0.05,360,0.22810769081115723,0.11666666666666667,360,0.009150028228759766,0.05,360,1.116175651550293
56,6,30,4,120,3,0.016666666666666666,360,0.005896806716918945,0.022222222222222223,360,0.22449970245361328,0.1457142857142857,350,0.009051084518432617,0.027777777777777776,360,1.1119167804718018
57,6,30,4,120,3,0.08262108262108261,351,0.005884408950805664,0.07222222222222222,360,0.2258744239807129,0.1488095238095238,336,0.009106159210205078,0.05555555555555555,360,1.1152153015136719
58,6,30,4,120,3,0.05,360,0.005879878997802734,0.03888888888888889,360,0.22519207000732422,0.14444444444444443,360,0.009076595306396484,0.044444444444444446,360,1.1069848537445068
59,6,30,4,120,3,0.044444444444444446,360,0.005866050720214844,0.03333333333333333,360,0.22526121139526367,0.15,360,0.009142637252807617,0.03333333333333333,360,1.1085691452026367
60,6,30,4,120,3,0.08333333333333333,360,0.005880832672119141,0.05,360,0.22426438331604004,0.15555555555555556,360,0.00902557373046875,0.044444444444444446,360,1.1582863330841064
61,7,40,2,80,3,0.041666666666666664,240,0.005588531494140625,0.008333333333333333,240,0.15737247467041016,0.14166666666666666,240,0.0068378448486328125,0.0,240,0.9190869331359863
62,7,40,2,80,3,0.025,240,0.005556821823120117,0.016666666666666666,240,0.21751761436462402,0.15,240,0.006806135177612305,0.008333333333333333,240,1.0055930614471436
63,7,40,2,80,3,0.008333333333333333,240,0.005616426467895508,0.008333333333333333,240,0.21804404258728027,0.11666666666666667,240,0.00685572624206543,0.041666666666666664,240,1.0617260932922363
64,7,40,2,80,3,0.02654867256637168,226,0.005551576614379883,0.008333333333333333,240,0.23292875289916992,0.14166666666666666,240,0.006697177886962891,0.016666666666666666,240,1.045381784439087
65,7,40,2,80,3,0.0211864406779661,236,0.005897998809814453,0.016666666666666666,240,0.21410202980041504,0.13333333333333333,240,0.006819009780883789,0.041666666666666664,240,1.0554122924804688
66,7,40,2,80,3,0.03333333333333333,240,0.005575418472290039,0.008333333333333333,240,0.2157878875732422,0.16595744680851063,235,0.006863594055175781,0.03333333333333333,240,1.0600953102111816
67,7,40,2,80,3,0.016666666666666666,240,0.005845546722412109,0.016666666666666666,240,0.21547508239746094,0.09166666666666666,240,0.006822347640991211,0.025,240,1.0603580474853516
68,7,40,2,80,3,0.03982300884955752,226,0.0055675506591796875,0.016666666666666666,240,0.21655011177062988,0.125,240,0.00688481330871582,0.016666666666666666,240,1.0136427879333496
69,7,40,2,80,3,0.030434782608695653,230,0.005849123001098633,0.016666666666666666,240,0.21587038040161133,0.11666666666666667,240,0.006830930709838867,0.008333333333333333,240,1.0641670227050781
70,7,40,2,80,3,0.03571428571428571,224,0.0057337284088134766,0.03333333333333333,240,0.2158036231994629,0.1,240,0.0068759918212890625,0.021739130434782608,230,1.0610630512237549
71,8,40,4,160,3,0.06666666666666667,480,0.008017301559448242,0.05,480,0.28995323181152344,0.11563169164882227,467,0.012432336807250977,0.05,480,1.358076572418213
72,8,40,4,160,3,0.06666666666666667,480,0.007450103759765625,0.04583333333333333,480,0.27420663833618164,0.11416490486257928,473,0.012403488159179688,0.041666666666666664,480,1.3517282009124756
73,8,40,4,160,3,0.07916666666666666,480,0.0076618194580078125,0.0625,480,0.29290056228637695,0.14166666666666666,480,0.013089895248413086,0.0625,480,1.3819808959960938
74,8,40,4,160,3,0.058333333333333334,480,0.007372856140136719,0.04583333333333333,480,0.2879297733306885,0.11160714285714286,448,0.012676477432250977,0.03333333333333333,480,1.3601961135864258
75,8,40,4,160,3,0.0625,480,0.007382631301879883,0.0625,480,0.27406859397888184,0.12916666666666668,480,0.012432575225830078,0.05,480,1.390990972518921
76,8,40,4,160,3,0.0625,480,0.007523536682128906,0.041666666666666664,480,0.28356099128723145,0.12916666666666668,480,0.012730836868286133,0.0375,480,1.3560400009155273
77,8,40,4,160,3,0.05416666666666667,480,0.007367372512817383,0.03333333333333333,480,0.28914427757263184,0.1375,480,0.012459754943847656,0.04583333333333333,480,1.347214937210083
78,8,40,4,160,3,0.05,480,0.007559537887573242,0.041666666666666664,480,0.2724025249481201,0.1490280777537797,463,0.012543439865112305,0.0375,480,1.3663241863250732
79,8,40,4,160,3,0.04904051172707889,469,0.0074579715728759766,0.041666666666666664,480,0.2804708480834961,0.16666666666666666,480,0.012427806854248047,0.05,480,1.3872122764587402
80,8,40,4,160,3,0.05,480,0.0075800418853759766,0.04583333333333333,480,0.2759535312652588,0.12083333333333333,480,0.012449264526367188,0.05416666666666667,480,1.3904094696044922
81,9,50,2,100,3,0.006666666666666667,300,0.0070841312408447266,0.013333333333333334,300,0.2562270164489746,0.12666666666666668,300,0.008790969848632812,0.006666666666666667,300,1.3180146217346191
82,9,50,2,100,3,0.06,300,0.006909847259521484,0.013333333333333334,300,0.2583334445953369,0.12,300,0.009174346923828125,0.02,300,1.335193395614624
83,9,50,2,100,3,0.02,300,0.006769895553588867,0.02,300,0.26151180267333984,0.11945392491467577,293,0.008828401565551758,0.02666666666666667,300,1.33482027053833
84,9,50,2,100,3,0.05172413793103448,290,0.0069980621337890625,0.013333333333333334,300,0.2564971446990967,0.12,300,0.008816242218017578,0.02,300,1.2634925842285156
85,9,50,2,100,3,0.03225806451612903,279,0.00659489631652832,0.02,300,0.25022125244140625,0.15333333333333332,300,0.008816719055175781,0.02,300,1.2714464664459229
86,9,50,2,100,3,0.02,300,0.006819009780883789,0.02,300,0.2554354667663574,0.14,300,0.008813619613647461,0.013333333333333334,300,1.2662949562072754
87,9,50,2,100,3,0.03333333333333333,300,0.0069675445556640625,0.02,300,0.2696495056152344,0.15333333333333332,300,0.008830785751342773,0.02,300,1.3174958229064941
88,9,50,2,100,3,0.04436860068259386,293,0.008054494857788086,0.013333333333333334,300,0.3419153690338135,0.11333333333333333,300,0.009625911712646484,0.03333333333333333,300,1.2669768333435059
89,9,50,2,100,3,0.04436860068259386,293,0.006742715835571289,0.006666666666666667,300,0.26375699043273926,0.10666666666666667,300,0.009050846099853516,0.02666666666666667,300,1.293034553527832
90,9,50,2,100,3,0.03333333333333333,300,0.007143735885620117,0.013333333333333334,300,0.18735742568969727,0.13745704467353953,291,0.00878143310546875,0.02,300,1.305100440979004
91,10,50,4,200,3,0.0843585237258348,569,0.009084224700927734,0.06,600,0.357525110244751,0.14,600,0.01609945297241211,0.06,600,1.7381420135498047
92,10,50,4,200,3,0.07333333333333333,600,0.00907754898071289,0.056666666666666664,600,0.3595576286315918,0.13,600,0.016133546829223633,0.07333333333333333,600,1.6700267791748047
93,10,50,4,200,3,0.06,600,0.008933782577514648,0.043333333333333335,600,0.3491954803466797,0.14,600,0.016041994094848633,0.06,600,1.7725889682769775
94,10,50,4,200,3,0.06934306569343066,548,0.008933305740356445,0.05,600,0.3656308650970459,0.16123499142367068,583,0.015862226486206055,0.043333333333333335,600,1.6484663486480713
95,10,50,4,200,3,0.06960950764006792,589,0.009289026260375977,0.043333333333333335,600,0.3415188789367676,0.14333333333333334,600,0.016005516052246094,0.04666666666666667,600,1.887455701828003
96,10,50,4,200,3,0.06666666666666667,600,0.009083032608032227,0.056666666666666664,600,0.35315942764282227,0.13333333333333333,600,0.01669788360595703,0.06333333333333334,600,1.7424921989440918
97,10,50,4,200,3,0.06837606837606838,585,0.008991241455078125,0.043333333333333335,600,0.35543084144592285,0.15333333333333332,600,0.016610383987426758,0.043333333333333335,600,1.7366695404052734
98,10,50,4,200,3,0.08333333333333333,600,0.00895071029663086,0.056666666666666664,600,0.32735466957092285,0.15333333333333332,600,0.015998125076293945,0.06666666666666667,600,1.6410326957702637
99,10,50,4,200,3,0.043333333333333335,600,0.008964061737060547,0.05,600,0.34682178497314453,0.14017094017094017,585,0.015952110290527344,0.04,600,2.077827215194702
100,10,50,4,200,3,0.06206896551724138,580,0.009220361709594727,0.043333333333333335,600,0.3558335304260254,0.12666666666666668,600,0.016295433044433594,0.04666666666666667,600,1.87675142288208
101,11,60,2,120,3,0.011111111111111112,360,0.008301019668579102,0.03333333333333333,360,0.3117835521697998,0.16111111111111112,360,0.011523008346557617,0.022222222222222223,360,1.663339614868164
102,11,60,2,120,3,0.022857142857142857,350,0.007817268371582031,0.027777777777777776,360,0.31131911277770996,0.15555555555555556,360,0.010840654373168945,0.011111111111111112,360,1.4469373226165771
103,11,60,2,120,3,0.037463976945244955,347,0.008423089981079102,0.005555555555555556,360,0.277468204498291,0.1388888888888889,360,0.010931015014648438,0.022222222222222223,360,1.5442068576812744
104,11,60,2,120,3,0.014084507042253521,355,0.008242607116699219,0.011111111111111112,360,0.10088968276977539,0.12777777777777777,360,0.010977506637573242,0.016666666666666666,360,1.4139618873596191
105,11,60,2,120,3,0.03625377643504532,331,0.00818777084350586,0.016666666666666666,360,0.29009580612182617,0.12222222222222222,360,0.011159181594848633,0.016666666666666666,360,1.406606674194336
106,11,60,2,120,3,0.022222222222222223,360,0.008283853530883789,0.005555555555555556,360,0.29139232635498047,0.11363636363636363,352,0.011121034622192383,0.022222222222222223,360,1.417781114578247
107,11,60,2,120,3,0.03333333333333333,360,0.007989168167114258,0.020289855072463767,345,0.2893185615539551,0.14444444444444443,360,0.010850667953491211,0.03333333333333333,360,1.4085710048675537
108,11,60,2,120,3,0.05,360,0.007780790328979492,0.016666666666666666,360,0.290081262588501,0.12222222222222222,360,0.010901927947998047,0.016666666666666666,360,1.4173123836517334
109,11,60,2,120,3,0.027777777777777776,360,0.008564472198486328,0.022222222222222223,360,0.28994178771972656,0.15555555555555556,360,0.010875225067138672,0.022222222222222223,360,1.4151906967163086
110,11,60,2,120,3,0.03333333333333333,360,0.008153438568115234,0.011111111111111112,360,0.2906200885772705,0.1111111111111111,360,0.011031866073608398,0.022222222222222223,360,1.4769794940948486
111,12,60,4,240,3,0.06388888888888888,720,0.011083602905273438,0.058333333333333334,720,0.4006633758544922,0.13055555555555556,720,0.020203113555908203,0.044444444444444446,720,1.8918564319610596
112,12,60,4,240,3,0.04809052333804809,707,0.010558366775512695,0.03888888888888889,720,0.45879530906677246,0.15833333333333333,720,0.020122051239013672,0.05277777777777778,720,1.858370304107666
113,12,60,4,240,3,0.058333333333333334,720,0.026964902877807617,0.05277777777777778,720,0.37537431716918945,0.14444444444444443,720,0.020029067993164062,0.058333333333333334,720,1.8558905124664307
114,12,60,4,240,3,0.06111111111111111,720,0.010408878326416016,0.044444444444444446,720,0.3750638961791992,0.13333333333333333,720,0.020018577575683594,0.04722222222222222,720,1.875345230102539
115,12,60,4,240,3,0.09228441754916793,661,0.010305643081665039,0.05,720,0.3754241466522217,0.15,720,0.01984119415283203,0.05277777777777778,720,1.681793451309204
116,12,60,4,240,3,0.0635593220338983,708,0.010820627212524414,0.05,720,0.3742866516113281,0.15,720,0.019980192184448242,0.04722222222222222,720,1.8667089939117432
117,12,60,4,240,3,0.075,720,0.010371208190917969,0.044444444444444446,720,0.37471485137939453,0.1388888888888889,720,0.020016908645629883,0.041666666666666664,720,1.8761544227600098
118,12,60,4,240,3,0.06754772393538913,681,0.010271072387695312,0.03611111111111111,720,0.3767833709716797,0.13199426111908177,697,0.01997828483581543,0.058333333333333334,720,1.90299654006958
119,12,60,4,240,3,0.06944444444444445,720,0.010614633560180664,0.05,720,0.37642526626586914,0.14444444444444443,720,0.019825220108032227,0.06111111111111111,720,1.8588981628417969
120,12,60,4,240,3,0.047954866008462625,709,0.010649919509887695,0.041666666666666664,720,0.39373350143432617,0.13333333333333333,720,0.01993584632873535,0.06111111111111111,720,1.8802955150604248
121,13,70,2,140,3,0.02857142857142857,420,0.008847475051879883,0.01904761904761905,420,0.31627702713012695,0.09951456310679611,412,0.013560295104980469,0.01904761904761905,420,1.5344583988189697
122,13,70,2,140,3,0.03640776699029126,412,0.009046554565429688,0.004761904761904762,420,0.31200408935546875,0.14285714285714285,420,0.013198614120483398,0.03333333333333333,420,1.524550437927246
123,13,70,2,140,3,0.03233830845771144,402,0.008835077285766602,0.004761904761904762,420,0.150740385055542,0.1517412935323383,402,0.014297008514404297,0.023809523809523808,420,1.5625486373901367
124,13,70,2,140,3,0.023809523809523808,420,0.009451627731323242,0.02481389578163772,403,0.3165724277496338,0.1311881188118812,404,0.013257741928100586,0.02857142857142857,420,1.5615532398223877
125,13,70,2,140,3,0.011990407673860911,417,0.00884389877319336,0.009523809523809525,420,0.16736674308776855,0.13701923076923078,416,0.01327967643737793,0.03170731707317073,410,1.5365922451019287
126,13,70,2,140,3,0.031630170316301706,411,0.009051084518432617,0.01904761904761905,420,0.3155965805053711,0.1271393643031785,409,0.013158798217773438,0.02857142857142857,420,1.5417356491088867
127,13,70,2,140,3,0.026634382566585957,413,0.009130477905273438,0.004761904761904762,420,0.31354665756225586,0.11428571428571428,420,0.013075828552246094,0.01904761904761905,420,1.532299518585205
128,13,70,2,140,3,0.03155339805825243,412,0.008829116821289062,0.009523809523809525,420,0.31520962715148926,0.14640198511166252,403,0.013141155242919922,0.009523809523809525,420,1.535536527633667
129,13,70,2,140,3,0.027707808564231738,397,0.008883476257324219,0.014285714285714285,420,0.3173027038574219,0.12857142857142856,420,0.013116836547851562,0.014285714285714285,420,1.5419976711273193
130,13,70,2,140,3,0.01674641148325359,418,0.009147167205810547,0.01904761904761905,420,0.31435179710388184,0.14285714285714285,420,0.013141870498657227,0.03667481662591687,409,1.544332504272461
131,14,70,4,280,3,0.05,840,0.0317082405090332,0.0380952380952381,840,0.42307186126708984,0.14285714285714285,840,0.024374008178710938,0.05476190476190476,840,2.0896143913269043
132,14,70,4,280,3,0.05441354292623942,827,0.012048721313476562,0.05,840,0.42150378227233887,0.14837153196622438,829,0.023911237716674805,0.06190476190476191,840,2.085827350616455
133,14,70,4,280,3,0.0748792270531401,828,0.029758214950561523,0.05238095238095238,840,0.4295828342437744,0.14047619047619048,840,0.02436685562133789,0.06666666666666667,840,2.100573778152466
134,14,70,4,280,3,0.06428571428571428,840,0.011952877044677734,0.05714285714285714,840,0.42513012886047363,0.1493975903614458,830,0.024226665496826172,0.05714285714285714,840,2.105050802230835
135,14,70,4,280,3,0.05952380952380952,840,0.011989831924438477,0.05952380952380952,840,0.42426133155822754,0.12380952380952381,840,0.024195432662963867,0.047619047619047616,840,2.1114518642425537
136,14,70,4,280,3,0.06553398058252427,824,0.011736392974853516,0.04047619047619048,840,0.42433714866638184,0.13095238095238096,840,0.02414226531982422,0.05476190476190476,840,2.234065294265747
137,14,70,4,280,3,0.056372549019607844,816,0.011899948120117188,0.05714285714285714,840,0.42281103134155273,0.14837153196622438,829,0.024698972702026367,0.05,840,2.2582240104675293
138,14,70,4,280,3,0.05476190476190476,840,0.012394189834594727,0.0380952380952381,840,0.44290781021118164,0.15365239294710328,794,0.024009227752685547,0.05238095238095238,840,2.1925816535949707
139,14,70,4,280,3,0.059393939393939395,825,0.011954069137573242,0.03241296518607443,833,0.440032958984375,0.12380952380952381,840,0.024193763732910156,0.05447941888619855,826,2.08296799659729
140,14,70,4,280,3,0.05043050430504305,813,0.012011528015136719,0.02857142857142857,840,0.4400753974914551,0.14761904761904762,840,0.02408289909362793,0.047619047619047616,840,2.08695125579834
141,15,80,2,160,3,0.041304347826086954,460,0.010019779205322266,0.016666666666666666,480,0.3670022487640381,0.14166666666666666,480,0.015428304672241211,0.020833333333333332,480,1.7247858047485352
142,15,80,2,160,3,0.008492569002123142,471,0.009633302688598633,0.0,462,0.15849709510803223,0.1625,480,0.015679359436035156,0.025,480,1.7238714694976807
143,15,80,2,160,3,0.029166666666666667,480,0.010013818740844727,0.0125,480,0.3672809600830078,0.12916666666666668,480,0.015526771545410156,0.025,480,1.7259421348571777
144,15,80,2,160,3,0.025,480,0.01002049446105957,0.0125,480,0.36931324005126953,0.14166666666666666,480,0.015449762344360352,0.004166666666666667,480,1.725348711013794
145,15,80,2,160,3,0.05,480,0.010120630264282227,0.020833333333333332,480,0.368297815322876,0.13333333333333333,480,0.015624523162841797,0.029166666666666667,480,1.7597346305847168
146,15,80,2,160,3,0.029166666666666667,480,0.010013818740844727,0.016666666666666666,480,0.3694460391998291,0.08333333333333333,480,0.015715360641479492,0.03333333333333333,480,1.765754222869873
147,15,80,2,160,3,0.03655913978494624,465,0.010349035263061523,0.020833333333333332,480,0.3837888240814209,0.12050739957716702,473,0.016071081161499023,0.029166666666666667,480,1.8319134712219238
148,15,80,2,160,3,0.025,480,0.00995492935180664,0.0125,480,0.5372066497802734,0.14526315789473684,475,0.016827821731567383,0.016666666666666666,480,2.231614828109741
149,15,80,2,160,3,0.029166666666666667,480,0.010720014572143555,0.020833333333333332,480,0.37943053245544434,0.16666666666666666,480,0.015900135040283203,0.029166666666666667,480,1.7891409397125244
150,15,80,2,160,3,0.020833333333333332,480,0.010219812393188477,0.0125,480,0.2671678066253662,0.12916666666666668,480,0.016019582748413086,0.019189765458422176,469,1.7726857662200928
151,16,80,4,320,3,0.07083333333333333,960,0.030614852905273438,0.05,960,0.5010242462158203,0.15416666666666667,960,0.02850031852722168,0.06041666666666667,960,2.423482894897461
152,16,80,4,320,3,0.052083333333333336,960,0.013875722885131836,0.04375,960,0.4912722110748291,0.16875,960,0.02864813804626465,0.06041666666666667,960,2.4210381507873535
153,16,80,4,320,3,0.057651991614255764,954,0.013441085815429688,0.03958333333333333,960,0.5069472789764404,0.14791666666666667,960,0.028465747833251953,0.052083333333333336,960,2.421221971511841
154,16,80,4,320,3,0.08403361344537816,952,0.013637304306030273,0.05625,960,0.49137187004089355,0.1460554371002132,938,0.028441905975341797,0.04375,960,2.610186815261841
155,16,80,4,320,3,0.08690987124463519,932,0.013819217681884766,0.04583333333333333,960,0.5967779159545898,0.14166666666666666,960,0.028323888778686523,0.06041666666666667,960,2.5251712799072266
156,16,80,4,320,3,0.07291666666666667,960,0.013560295104980469,0.05,960,0.4926333427429199,0.14436248682824027,949,0.02860116958618164,0.05,960,2.4708025455474854
157,16,80,4,320,3,0.058333333333333334,960,0.013974666595458984,0.04583333333333333,960,0.5150024890899658,0.13958333333333334,960,0.028749942779541016,0.04791666666666667,960,2.611790895462036
158,16,80,4,320,3,0.05,960,0.014731168746948242,0.03958333333333333,960,0.5294497013092041,0.125,960,0.028598785400390625,0.058333333333333334,960,2.5609352588653564
159,16,80,4,320,3,0.05416666666666667,960,0.013645410537719727,0.041666666666666664,960,0.5749423503875732,0.15208333333333332,960,0.029107093811035156,0.052083333333333336,960,2.7663066387176514
160,16,80,4,320,3,0.06458333333333334,960,0.031248092651367188,0.06041666666666667,960,0.5007538795471191,0.12698412698412698,945,0.02865457534790039,0.06041666666666667,960,2.7742152214050293
161,17,90,2,180,3,0.03189493433395872,533,0.011391639709472656,0.022222222222222223,540,0.4050266742706299,0.14074074074074075,540,0.017917871475219727,0.022222222222222223,540,1.9400875568389893
162,17,90,2,180,3,0.028409090909090908,528,0.010935068130493164,0.007407407407407408,540,0.14045190811157227,0.14579439252336449,535,0.01850152015686035,0.037037037037037035,540,2.151918411254883
163,17,90,2,180,3,0.009328358208955223,536,0.01165008544921875,0.0,538,0.2802698612213135,0.16296296296296298,540,0.018526554107666016,0.025925925925925925,540,2.1633706092834473
164,17,90,2,180,3,0.0248565965583174,523,0.011442184448242188,0.011111111111111112,540,0.3941788673400879,0.13703703703703704,540,0.018065690994262695,0.025925925925925925,540,1.9107892513275146
165,17,90,2,180,3,0.02962962962962963,540,0.011198282241821289,0.014814814814814815,540,0.3879218101501465,0.14684014869888476,538,0.018015623092651367,0.018518518518518517,540,2.0428667068481445
166,17,90,2,180,3,0.037037037037037035,540,0.01109004020690918,0.011111111111111112,540,0.4655270576477051,0.12429378531073447,531,0.01847362518310547,0.037037037037037035,540,2.3008782863616943
167,17,90,2,180,3,0.011111111111111112,540,0.010965824127197266,0.003703703703703704,540,0.3864717483520508,0.1259259259259259,540,0.018140077590942383,0.014814814814814815,540,1.9655089378356934
168,17,90,2,180,3,0.014814814814814815,540,0.01098775863647461,0.011111111111111112,540,0.4568941593170166,0.14444444444444443,540,0.01897263526916504,0.025925925925925925,540,1.9478633403778076
169,17,90,2,180,3,0.037037037037037035,540,0.011168479919433594,0.011111111111111112,540,0.3878324031829834,0.14857142857142858,525,0.017940282821655273,0.025925925925925925,540,1.9172229766845703
170,17,90,2,180,3,0.022727272727272728,528,0.011203527450561523,0.007407407407407408,540,0.3885941505432129,0.13333333333333333,540,0.018027305603027344,0.02962962962962963,540,1.9167776107788086
171,18,90,4,360,3,0.056676272814601344,1041,0.015477180480957031,0.03888888888888889,1080,0.5397858619689941,0.14205607476635515,1070,0.03322887420654297,0.06296296296296296,1080,2.665026903152466
172,18,90,4,360,3,0.05,1080,0.015680313110351562,0.03518518518518519,1080,0.5398006439208984,0.13703703703703704,1080,0.033414363861083984,0.05,1080,2.672769784927368
173,18,90,4,360,3,0.06542056074766354,1070,0.03205227851867676,0.04814814814814815,1080,0.5391407012939453,0.1388888888888889,1080,0.033434152603149414,0.05740740740740741,1080,2.675478935241699
174,18,90,4,360,3,0.04259259259259259,1080,0.015983104705810547,0.03888888888888889,1080,0.6116311550140381,0.1574074074074074,1080,0.03336048126220703,0.05925925925925926,1080,2.934020519256592
175,18,90,4,360,3,0.05639097744360902,1064,0.016412973403930664,0.04259259259259259,1080,0.7011349201202393,0.14814814814814814,1080,0.033812761306762695,0.044444444444444446,1080,3.1921257972717285
176,18,90,4,360,3,0.05185185185185185,1080,0.015578031539916992,0.03888888888888889,1080,0.5870685577392578,0.14832535885167464,1045,0.033281803131103516,0.05185185185185185,1080,2.8807783126831055
177,18,90,4,360,3,0.05185185185185185,1080,0.03286600112915039,0.044444444444444446,1080,0.6201646327972412,0.15925925925925927,1080,0.03314924240112305,0.05555555555555555,1080,2.832078456878662
178,18,90,4,360,3,0.053703703703703705,1080,0.015552282333374023,0.040740740740740744,1080,0.5387792587280273,0.14629629629629629,1080,0.03308248519897461,0.05,1080,2.763352632522583
179,18,90,4,360,3,0.07777777777777778,1080,0.015406370162963867,0.05925925925925926,1080,0.5412430763244629,0.14444444444444443,1080,0.0332949161529541,0.04814814814814815,1080,3.0325446128845215
180,18,90,4,360,3,0.05740740740740741,1080,0.016071796417236328,0.046296296296296294,1080,0.32309889793395996,0.16071428571428573,1064,0.03322434425354004,0.05555555555555555,1080,2.6881070137023926
181,19,100,2,200,3,0.03666666666666667,600,0.012017965316772461,0.02,600,0.41750478744506836,0.14,600,0.020753145217895508,0.023333333333333334,600,2.035325050354004
182,19,100,2,200,3,0.04,600,0.011812925338745117,0.02,600,0.4203650951385498,0.13,600,0.02062845230102539,0.03,600,2.119697093963623
183,19,100,2,200,3,0.02,600,0.012442588806152344,0.011945392491467578,586,0.4195749759674072,0.12666666666666668,600,0.02079319953918457,0.023333333333333334,600,2.0771422386169434
184,19,100,2,200,3,0.03666666666666667,600,0.011827707290649414,0.025597269624573378,586,0.4208085536956787,0.13666666666666666,600,0.020436763763427734,0.03,600,1.8943541049957275
185,19,100,2,200,3,0.018456375838926176,596,0.012023448944091797,0.016666666666666666,600,0.4357590675354004,0.10666666666666667,600,0.02057194709777832,0.023333333333333334,600,2.0608057975769043
186,19,100,2,200,3,0.026690391459074734,562,0.012581110000610352,0.006666666666666667,600,0.17413043975830078,0.15666666666666668,600,0.02067112922668457,0.023333333333333334,600,2.0938661098480225
187,19,100,2,200,3,0.022071307300509338,589,0.012102842330932617,0.02,600,0.4179799556732178,0.13666666666666666,600,0.02054452896118164,0.023333333333333334,600,2.076530694961548
188,19,100,2,200,3,0.041379310344827586,580,0.012116670608520508,0.016666666666666666,600,0.41835737228393555,0.14802065404475043,581,0.02072882652282715,0.03,600,2.073965311050415
189,19,100,2,200,3,0.02,600,0.012336254119873047,0.02,600,0.27718520164489746,0.14453781512605043,595,0.0206143856048584,0.023333333333333334,600,2.1832377910614014
190,19,100,2,200,3,0.02666666666666667,600,0.012056827545166016,0.01,600,0.466097354888916,0.14666666666666667,600,0.020470619201660156,0.03,600,2.3363289833068848
191,20,100,4,400,3,0.06,1200,0.017455577850341797,0.043333333333333335,1200,0.5705151557922363,0.15666666666666668,1200,0.03773760795593262,0.05,1200,2.910217046737671
192,20,100,4,400,3,0.056666666666666664,1200,0.01738452911376953,0.03666666666666667,1200,0.5900185108184814,0.13919726729291204,1171,0.03826284408569336,0.056666666666666664,1200,2.900503396987915
193,20,100,4,400,3,0.06166666666666667,1200,0.017464160919189453,0.04666666666666667,1200,0.5913269519805908,0.15,1200,0.03818035125732422,0.05,1200,2.8970725536346436
194,20,100,4,400,3,0.06943268416596104,1181,0.016856908798217773,0.05165114309906858,1181,0.5911626815795898,0.15,1200,0.03796529769897461,0.056666666666666664,1200,2.904055118560791
195,20,100,4,400,3,0.06329113924050633,1185,0.017365455627441406,0.04,1200,0.5863111019134521,0.135,1200,0.03792381286621094,0.05333333333333334,1200,2.8791422843933105
196,20,100,4,400,3,0.058333333333333334,1200,0.017412185668945312,0.041666666666666664,1200,0.5900123119354248,0.145,1200,0.03808116912841797,0.05311973018549747,1186,2.932562828063965
197,20,100,4,400,3,0.056666666666666664,1200,0.017740488052368164,0.045,1200,0.5907845497131348,0.14666666666666667,1200,0.03784537315368652,0.056666666666666664,1200,2.8836214542388916
198,20,100,4,400,3,0.06593406593406594,1183,0.01749730110168457,0.04833333333333333,1200,0.628455400466919,0.165,1200,0.03784537315368652,0.055,1200,3.112743616104126
199,20,100,4,400,3,0.05976430976430976,1188,0.016850709915161133,0.043333333333333335,1200,0.5915584564208984,0.13666666666666666,1200,0.037987470626831055,0.06,1200,2.937285900115967
200,20,100,4,400,3,0.065,1200,0.017141103744506836,0.051666666666666666,1200,0.6113524436950684,0.15731292517006804,1176,0.037824392318725586,0.051666666666666666,1200,2.940093994140625
